pair_class,init,epoch,d_unaligned,d_aligned,reduction_pct,frac_neurons_moved
"consecutive epochs
(same run)",he_normal,1,8.626817112858538,8.626817112858538,0.0,0.0
"consecutive epochs
(same run)",he_normal,2,5.699024246624163,5.699024246624163,0.0,0.0
"consecutive epochs
(same run)",he_normal,3,4.694029547472485,4.694029547472485,0.0,0.0
"consecutive epochs
(same run)",he_normal,4,4.331755912509604,4.331755912509604,0.0,0.0
"consecutive epochs
(same run)",he_normal,5,4.526146916637312,4.526146916637312,0.0,0.0
"consecutive epochs
(same run)",he_normal,6,4.9216347150852275,4.9216347150852275,0.0,0.0
"consecutive epochs
(same run)",he_normal,7,4.416566901068988,4.416566901068988,0.0,0.0
"consecutive epochs
(same run)",he_normal,8,4.26317139309045,4.26317139309045,0.0,0.0
"consecutive epochs
(same run)",he_normal,9,4.153976415746776,4.153976415746776,0.0,0.0
"consecutive epochs
(same run)",he_normal,10,4.626233667639336,4.626233667639336,0.0,0.0
"consecutive epochs
(same run)",he_normal,1,8.367506716566586,8.367506716566586,0.0,0.0
"consecutive epochs
(same run)",he_normal,2,5.641171193229118,5.641171193229118,0.0,0.0
"consecutive epochs
(same run)",he_normal,3,4.8728430690308,4.8728430690308,0.0,0.0
"consecutive epochs
(same run)",he_normal,4,4.855391913975347,4.855391913975347,0.0,0.0
"consecutive epochs
(same run)",he_normal,5,4.7180408560827125,4.7180408560827125,0.0,0.0
"consecutive epochs
(same run)",he_normal,6,4.665511756615732,4.665511756615732,0.0,0.0
"consecutive epochs
(same run)",he_normal,7,4.722946412267327,4.722946412267327,0.0,0.0
"consecutive epochs
(same run)",he_normal,8,4.488933364350523,4.488933364350523,0.0,0.0
"consecutive epochs
(same run)",he_normal,9,4.858156799154211,4.858156799154211,0.0,0.0
"consecutive epochs
(same run)",he_normal,10,4.704444903476007,4.704444903476007,0.0,0.0
"consecutive epochs
(same run)",he_normal,1,8.166304555272244,8.166304555272244,0.0,0.0
"consecutive epochs
(same run)",he_normal,2,5.525200201952551,5.525200201952551,0.0,0.0
"consecutive epochs
(same run)",he_normal,3,5.109600576212157,5.109600576212157,0.0,0.0
"consecutive epochs
(same run)",he_normal,4,4.987812826960815,4.987812826960815,0.0,0.0
"consecutive epochs
(same run)",he_normal,5,4.8369618749668755,4.8369618749668755,0.0,0.0
"consecutive epochs
(same run)",he_normal,6,4.259695728925283,4.259695728925283,0.0,0.0
"consecutive epochs
(same run)",he_normal,7,4.646966141698207,4.646966141698207,0.0,0.0
"consecutive epochs
(same run)",he_normal,8,4.36515232068869,4.36515232068869,0.0,0.0
"consecutive epochs
(same run)",he_normal,9,4.347209439954882,4.347209439954882,0.0,0.0
"consecutive epochs
(same run)",he_normal,10,4.681305721361216,4.681305721361216,0.0,0.0
"consecutive epochs
(same run)",he_uniform,1,8.400944820340342,8.400944820340342,0.0,0.0
"consecutive epochs
(same run)",he_uniform,2,5.421778243123366,5.421778243123366,0.0,0.0
"consecutive epochs
(same run)",he_uniform,3,4.987025906949963,4.987025906949963,0.0,0.0
"consecutive epochs
(same run)",he_uniform,4,5.11602945192913,5.11602945192913,0.0,0.0
"consecutive epochs
(same run)",he_uniform,5,4.6751198609728855,4.6751198609728855,0.0,0.0
"consecutive epochs
(same run)",he_uniform,6,4.464662719465389,4.464662719465389,0.0,0.0
"consecutive epochs
(same run)",he_uniform,7,4.631982088772524,4.631982088772524,0.0,0.0
"consecutive epochs
(same run)",he_uniform,8,4.885867642096606,4.885867642096606,0.0,0.0
"consecutive epochs
(same run)",he_uniform,9,4.889841611326829,4.889841611326829,0.0,0.0
"consecutive epochs
(same run)",he_uniform,10,4.964283403122421,4.964283403122421,0.0,0.0
"consecutive epochs
(same run)",he_uniform,1,8.555785337966151,8.555785337966151,0.0,0.0
"consecutive epochs
(same run)",he_uniform,2,5.34741431526323,5.34741431526323,0.0,0.0
"consecutive epochs
(same run)",he_uniform,3,5.000645128834116,5.000645128834116,0.0,0.0
"consecutive epochs
(same run)",he_uniform,4,4.954099309561169,4.954099309561169,0.0,0.0
"consecutive epochs
(same run)",he_uniform,5,4.497228092360373,4.497228092360373,0.0,0.0
"consecutive epochs
(same run)",he_uniform,6,4.567428240873508,4.567428240873508,0.0,0.0
"consecutive epochs
(same run)",he_uniform,7,4.570096920199641,4.570096920199641,0.0,0.0
"consecutive epochs
(same run)",he_uniform,8,4.927149601479454,4.927149601479454,0.0,0.0
"consecutive epochs
(same run)",he_uniform,9,5.152069881620002,5.152069881620002,0.0,0.0
"consecutive epochs
(same run)",he_uniform,10,10.370084716362499,10.370084716362499,0.0,0.0
"consecutive epochs
(same run)",he_uniform,1,8.278413797796281,8.278413797796281,0.0,0.0
"consecutive epochs
(same run)",he_uniform,2,5.858283283566904,5.858283283566904,0.0,0.0
"consecutive epochs
(same run)",he_uniform,3,5.022371350289933,5.022371350289933,0.0,0.0
"consecutive epochs
(same run)",he_uniform,4,5.017027504700236,5.017027504700236,0.0,0.0
"consecutive epochs
(same run)",he_uniform,5,5.000094528673007,5.000094528673007,0.0,0.0
"consecutive epochs
(same run)",he_uniform,6,6.959462054729322,6.959462054729322,0.0,0.0
"consecutive epochs
(same run)",he_uniform,7,5.287995998848601,5.287995998848601,0.0,0.0
"consecutive epochs
(same run)",he_uniform,8,4.4185518593564295,4.4185518593564295,0.0,0.0
"consecutive epochs
(same run)",he_uniform,9,4.185144025012404,4.185144025012404,0.0,0.0
"consecutive epochs
(same run)",he_uniform,10,4.131316553279444,4.131316553279444,0.0,0.0
"trained models
(different seeds)",pytorch_default,10,46.53865357090734,41.681170916134406,10.437522966520651,0.894375
"trained models
(different seeds)",pytorch_default,10,46.58313464868812,41.65375637303094,10.58189474116038,0.9025
"trained models
(different seeds)",pytorch_default,10,46.550353821829795,41.689129606182036,10.442937199261603,0.8984375
"trained models
(different seeds)",he_uniform,10,116.54417524856856,104.07770268141694,10.696778745538161,0.9096875
"trained models
(different seeds)",he_uniform,10,116.22402376118104,103.94856619476127,10.561893461582073,0.905
"trained models
(different seeds)",he_uniform,10,116.44221153540026,104.26140630479304,10.460815772898702,0.9
"trained models
(different seeds)",xavier_normal,10,88.47292632525244,78.75131683934337,10.988230964769475,0.9125
"trained models
(different seeds)",xavier_normal,10,88.46822434724892,78.76035159377118,10.973287669223609,0.926875
"trained models
(different seeds)",xavier_normal,10,88.19876464069343,78.50166040897372,10.994603236478472,0.918125
"trained models
(different seeds)",he_normal,10,116.16644451842737,103.77003637620824,10.671246928154632,0.8984375
"trained models
(different seeds)",he_normal,10,116.09480534994351,103.68231425519714,10.69168517689617,0.915625
"trained models
(different seeds)",he_normal,10,115.93977443752833,103.69136745738733,10.564456451259352,0.9034375
"trained models
(different seeds)",orthogonal,10,88.7106618458975,78.75498182745966,11.222642026650886,0.9225
"trained models
(different seeds)",orthogonal,10,89.18946455271069,79.11365033015838,11.297090158667267,0.9203125
"trained models
(different seeds)",orthogonal,10,89.53769694583963,79.5088245972994,11.200726275779227,0.9040625
"trained models
(different seeds)",lognormal_he_scale,10,116.5411976204526,104.06765245701061,10.703120800307387,0.9071875
"trained models
(different seeds)",lognormal_he_scale,10,116.36956474733745,104.04830575479949,10.588042517207985,0.914375
"trained models
(different seeds)",lognormal_he_scale,10,116.24990943324097,104.14266961809302,10.414838062390741,0.900625
"trained models
(different seeds)",lognormal_jaynes,10,73.19933538435548,64.4117808550701,12.004964912787297,0.93625
"trained models
(different seeds)",lognormal_jaynes,10,72.84330641248583,63.29870286836046,13.102924639468815,0.9575
"trained models
(different seeds)",lognormal_jaynes,10,73.46780572440939,64.4454478968174,12.280695930182583,0.9525
