a,b,same_init,same_seed,d_unaligned,d_aligned
he_uniform_s0,he_uniform_s1,True,False,116.54417524856856,104.07770268141694
he_uniform_s0,he_uniform_s2,True,False,116.22402376118104,103.94856619476127
he_uniform_s0,xavier_normal_s0,False,True,117.73617018348381,92.75116882265678
he_uniform_s0,xavier_normal_s1,False,False,103.075708673304,92.64431720277014
he_uniform_s0,xavier_normal_s2,False,False,103.22117460514045,92.58703070817008
he_uniform_s0,he_normal_s0,False,True,133.65389912083535,103.79603691610836
he_uniform_s0,he_normal_s1,False,False,115.96887363799941,103.76483701375781
he_uniform_s0,he_normal_s2,False,False,116.16058815774298,103.90770136357496
he_uniform_s0,orthogonal_s0,False,True,112.66758750140723,92.66144531797332
he_uniform_s0,orthogonal_s1,False,False,103.47024377285389,92.91861012289243
he_uniform_s0,orthogonal_s2,False,False,103.95807032518694,93.14682726632269
he_uniform_s0,lognormal_he_scale_s0,False,True,116.4099922203672,104.04717152704848
he_uniform_s0,lognormal_he_scale_s1,False,False,116.37143908522879,104.06706440271178
he_uniform_s0,lognormal_he_scale_s2,False,False,116.23611363753649,104.07984488855297
he_uniform_s0,lognormal_jaynes_s0,False,True,96.89387017315876,88.2154389112908
he_uniform_s0,lognormal_jaynes_s1,False,False,97.37339318365342,88.53434890074665
he_uniform_s0,lognormal_jaynes_s2,False,False,97.03270969823046,88.3410782510495
he_uniform_s1,he_uniform_s2,True,False,116.44221153540026,104.26140630479304
he_uniform_s1,xavier_normal_s0,False,False,103.53893428215649,92.99137898214097
he_uniform_s1,xavier_normal_s1,False,True,117.7172778171959,92.93073739442025
he_uniform_s1,xavier_normal_s2,False,False,103.62343316912703,92.87674171307386
he_uniform_s1,he_normal_s0,False,False,116.26565248037609,104.02180095962113
he_uniform_s1,he_normal_s1,False,True,133.85060219670797,103.99014893895568
he_uniform_s1,he_normal_s2,False,False,116.65544005459087,104.08932533984301
he_uniform_s1,orthogonal_s0,False,False,103.45796282259043,92.79639912871457
he_uniform_s1,orthogonal_s1,False,True,113.32367652605762,93.0852159154544
he_uniform_s1,orthogonal_s2,False,False,104.42530023535029,93.46403569554987
he_uniform_s1,lognormal_he_scale_s0,False,False,116.61665759584615,104.29138756259664
he_uniform_s1,lognormal_he_scale_s1,False,True,116.49418917847339,104.29152706309418
he_uniform_s1,lognormal_he_scale_s2,False,False,116.57705328289364,104.29083378687791
he_uniform_s1,lognormal_jaynes_s0,False,False,97.26310178673252,88.42218356819018
he_uniform_s1,lognormal_jaynes_s1,False,True,97.63771621547303,88.79675063445544
he_uniform_s1,lognormal_jaynes_s2,False,False,97.47173554902487,88.7546663605715
he_uniform_s2,xavier_normal_s0,False,False,103.59512626521446,93.02209548922457
he_uniform_s2,xavier_normal_s1,False,False,103.51174734399156,92.8166824042932
he_uniform_s2,xavier_normal_s2,False,True,117.70099498675182,92.7849237489122
he_uniform_s2,he_normal_s0,False,False,116.38386065571447,103.92017168181384
he_uniform_s2,he_normal_s1,False,False,116.5042660367659,103.93547853816416
he_uniform_s2,he_normal_s2,False,True,133.8276357128588,103.99992215986926
he_uniform_s2,orthogonal_s0,False,False,103.36329501839974,92.66109825779404
he_uniform_s2,orthogonal_s1,False,False,103.89463790542314,93.05732574020374
he_uniform_s2,orthogonal_s2,False,True,113.48246698304817,93.33356856265033
he_uniform_s2,lognormal_he_scale_s0,False,False,116.3435470319537,104.13599773418007
he_uniform_s2,lognormal_he_scale_s1,False,False,116.54550542396312,104.03458875873355
he_uniform_s2,lognormal_he_scale_s2,False,True,116.44178884445074,104.13248953175159
he_uniform_s2,lognormal_jaynes_s0,False,False,97.08339527906062,88.32436884722975
he_uniform_s2,lognormal_jaynes_s1,False,False,97.53724571470137,88.59535397389482
he_uniform_s2,lognormal_jaynes_s2,False,True,97.30579079274831,88.50202518524928
xavier_normal_s0,xavier_normal_s1,True,False,88.47292632525244,78.75131683934337
xavier_normal_s0,xavier_normal_s2,True,False,88.46822434724892,78.76035159377118
xavier_normal_s0,he_normal_s0,False,True,38.278069241059306,38.278069241059306
xavier_normal_s0,he_normal_s1,False,False,103.35258344353937,92.57743145273943
xavier_normal_s0,he_normal_s2,False,False,103.24486026311416,92.7478505885942
xavier_normal_s0,orthogonal_s0,False,True,57.6034219379376,57.6034219379376
xavier_normal_s0,orthogonal_s1,False,False,89.0429225057551,79.07231936296385
xavier_normal_s0,orthogonal_s2,False,False,89.33090624857792,79.36215736851567
xavier_normal_s0,lognormal_he_scale_s0,False,True,103.46925661422591,92.88073071912775
xavier_normal_s0,lognormal_he_scale_s1,False,False,103.66276262977618,92.798065288859
xavier_normal_s0,lognormal_he_scale_s2,False,False,103.45922444735817,92.93887161019654
xavier_normal_s0,lognormal_jaynes_s0,False,True,81.01723894125267,72.44093992773985
xavier_normal_s0,lognormal_jaynes_s1,False,False,81.73407004222858,72.94413943587767
xavier_normal_s0,lognormal_jaynes_s2,False,False,81.29980748619448,72.64906554900617
xavier_normal_s1,xavier_normal_s2,True,False,88.19876464069343,78.50166040897372
xavier_normal_s1,he_normal_s0,False,False,103.15339669953865,92.50488977199502
xavier_normal_s1,he_normal_s1,False,True,37.74159672039539,37.74159672039539
xavier_normal_s1,he_normal_s2,False,False,103.05850026398757,92.5548060740142
xavier_normal_s1,orthogonal_s0,False,False,88.25110288657771,78.49330613388202
xavier_normal_s1,orthogonal_s1,False,True,58.07244255126082,58.07244255126082
xavier_normal_s1,orthogonal_s2,False,False,89.10659251805673,79.2579610948692
xavier_normal_s1,lognormal_he_scale_s0,False,False,103.1412725444104,92.68503341716438
xavier_normal_s1,lognormal_he_scale_s1,False,True,103.26227127038815,92.73764386750672
xavier_normal_s1,lognormal_he_scale_s2,False,False,103.33786368569329,92.82513284006244
xavier_normal_s1,lognormal_jaynes_s0,False,False,80.64416656152672,72.19024490064479
xavier_normal_s1,lognormal_jaynes_s1,False,True,81.26294207516858,72.75075862590401
xavier_normal_s1,lognormal_jaynes_s2,False,False,81.12651286115154,72.55464158574354
xavier_normal_s2,he_normal_s0,False,False,103.13734085505216,92.53265805339609
xavier_normal_s2,he_normal_s1,False,False,103.04742641727825,92.48226318541882
xavier_normal_s2,he_normal_s2,False,True,37.396248233127245,37.396248233127245
xavier_normal_s2,orthogonal_s0,False,False,88.26338682609274,78.51602421283276
xavier_normal_s2,orthogonal_s1,False,False,88.7696614524845,79.04475143710852
xavier_normal_s2,orthogonal_s2,False,True,58.61389867476527,58.61389867476527
xavier_normal_s2,lognormal_he_scale_s0,False,False,103.37675096774632,92.7213357751438
xavier_normal_s2,lognormal_he_scale_s1,False,False,103.34535866571008,92.81846552501973
xavier_normal_s2,lognormal_he_scale_s2,False,True,103.3460131979037,92.75191755892014
xavier_normal_s2,lognormal_jaynes_s0,False,False,80.74868637535026,72.3365515289837
xavier_normal_s2,lognormal_jaynes_s1,False,False,81.36201964460392,72.8518153220322
xavier_normal_s2,lognormal_jaynes_s2,False,True,81.14788604091261,72.58519689112084
he_normal_s0,he_normal_s1,True,False,116.16644451842737,103.77003637620824
he_normal_s0,he_normal_s2,True,False,116.09480534994351,103.68231425519714
he_normal_s0,orthogonal_s0,False,True,66.60161464832767,66.60161464832767
he_normal_s0,orthogonal_s1,False,False,103.69162086445945,92.8445592667207
he_normal_s0,orthogonal_s2,False,False,103.97043233701686,93.13011273788325
he_normal_s0,lognormal_he_scale_s0,False,True,116.20276557888607,103.86818507219223
he_normal_s0,lognormal_he_scale_s1,False,False,116.4303232585072,103.93910002177952
he_normal_s0,lognormal_he_scale_s2,False,False,116.15925825894521,103.92536984417609
he_normal_s0,lognormal_jaynes_s0,False,True,96.88779814791596,88.07706541249746
he_normal_s0,lognormal_jaynes_s1,False,False,97.35193403727285,88.50598973142478
he_normal_s0,lognormal_jaynes_s2,False,False,97.01005896348765,88.29629432677945
he_normal_s1,he_normal_s2,True,False,115.93977443752833,103.69136745738733
he_normal_s1,orthogonal_s0,False,False,103.0885387879581,92.45383584360401
he_normal_s1,orthogonal_s1,False,True,67.4679160791989,67.4679160791989
he_normal_s1,orthogonal_s2,False,False,103.81067808808905,93.15714611837565
he_normal_s1,lognormal_he_scale_s0,False,False,116.09474784123823,103.9358684439554
he_normal_s1,lognormal_he_scale_s1,False,True,116.1362660739867,103.90424113980178
he_normal_s1,lognormal_he_scale_s2,False,False,116.21552890329983,103.90622303005206
he_normal_s1,lognormal_jaynes_s0,False,False,96.7121370309699,88.09991526068477
he_normal_s1,lognormal_jaynes_s1,False,True,97.1018832231446,88.41037040629216
he_normal_s1,lognormal_jaynes_s2,False,False,97.11679195790336,88.23273513755458
he_normal_s2,orthogonal_s0,False,False,103.18037632798686,92.45952744356019
he_normal_s2,orthogonal_s1,False,False,103.55626127504877,92.85290590006024
he_normal_s2,orthogonal_s2,False,True,68.09754211220601,68.09754211220601
he_normal_s2,lognormal_he_scale_s0,False,False,116.29058180903243,104.00411839535812
he_normal_s2,lognormal_he_scale_s1,False,False,116.30261915527447,104.00253453248746
he_normal_s2,lognormal_he_scale_s2,False,True,116.24962451540017,103.8449069499701
he_normal_s2,lognormal_jaynes_s0,False,False,96.82536840030635,88.1154398667166
he_normal_s2,lognormal_jaynes_s1,False,False,97.29432809299037,88.48569494516305
he_normal_s2,lognormal_jaynes_s2,False,True,97.01649883209375,88.26843169355958
orthogonal_s0,orthogonal_s1,True,False,88.7106618458975,78.75498182745966
orthogonal_s0,orthogonal_s2,True,False,89.18946455271069,79.11365033015838
orthogonal_s0,lognormal_he_scale_s0,False,True,103.29156589227043,92.65602668618509
orthogonal_s0,lognormal_he_scale_s1,False,False,103.40812940372709,92.79109404067286
orthogonal_s0,lognormal_he_scale_s2,False,False,103.20256378575084,92.72880289172895
orthogonal_s0,lognormal_jaynes_s0,False,True,80.77296935589312,72.0583754632633
orthogonal_s0,lognormal_jaynes_s1,False,False,81.4007592470855,72.69496180558649
orthogonal_s0,lognormal_jaynes_s2,False,False,80.99196746378801,72.29733948911584
orthogonal_s1,orthogonal_s2,True,False,89.53769694583963,79.5088245972994
orthogonal_s1,lognormal_he_scale_s0,False,False,103.778152482954,93.10697829621522
orthogonal_s1,lognormal_he_scale_s1,False,True,103.91664450984523,93.06555674955897
orthogonal_s1,lognormal_he_scale_s2,False,False,103.72196105208967,93.10782815971385
orthogonal_s1,lognormal_jaynes_s0,False,False,81.32827890099904,72.43475554969893
orthogonal_s1,lognormal_jaynes_s1,False,True,81.91170742349156,73.07665888599345
orthogonal_s1,lognormal_jaynes_s2,False,False,81.69919761299818,72.71265841953569
orthogonal_s2,lognormal_he_scale_s0,False,False,104.14928267707455,93.18806709171916
orthogonal_s2,lognormal_he_scale_s1,False,False,104.1782313264598,93.3264415560103
orthogonal_s2,lognormal_he_scale_s2,False,True,104.09450000027525,93.32542228522286
orthogonal_s2,lognormal_jaynes_s0,False,False,81.74853334235303,72.815146245409
orthogonal_s2,lognormal_jaynes_s1,False,False,82.39284178726523,73.20499868214141
orthogonal_s2,lognormal_jaynes_s2,False,True,82.06594229289287,73.10264304129335
lognormal_he_scale_s0,lognormal_he_scale_s1,True,False,116.5411976204526,104.06765245701061
lognormal_he_scale_s0,lognormal_he_scale_s2,True,False,116.36956474733745,104.04830575479949
lognormal_he_scale_s0,lognormal_jaynes_s0,False,True,52.55848281076338,52.55848281076338
lognormal_he_scale_s0,lognormal_jaynes_s1,False,False,97.4750815256739,88.59864712858976
lognormal_he_scale_s0,lognormal_jaynes_s2,False,False,97.23390992023664,88.39527439524966
lognormal_he_scale_s1,lognormal_he_scale_s2,True,False,116.24990943324097,104.14266961809302
lognormal_he_scale_s1,lognormal_jaynes_s0,False,False,97.12272054726472,88.27941987055132
lognormal_he_scale_s1,lognormal_jaynes_s1,False,True,53.762982097525196,53.762982097525196
lognormal_he_scale_s1,lognormal_jaynes_s2,False,False,97.19331161953941,88.39815434524013
lognormal_he_scale_s2,lognormal_jaynes_s0,False,False,97.0024915249186,88.26603996870222
lognormal_he_scale_s2,lognormal_jaynes_s1,False,False,97.35823962217702,88.66800682365948
lognormal_he_scale_s2,lognormal_jaynes_s2,False,True,52.6519912603028,52.6519912603028
lognormal_jaynes_s0,lognormal_jaynes_s1,True,False,73.19933538435548,64.4117808550701
lognormal_jaynes_s0,lognormal_jaynes_s2,True,False,72.84330641248583,63.29870286836046
lognormal_jaynes_s1,lognormal_jaynes_s2,True,False,73.46780572440939,64.4454478968174
