arch,init,seed,norm_theta,mean_absW,ln_r2_mean,stable_rank_mean,lens_power_mean,sv_entropy_mean
A,pytorch_default,100,32.805234372548334,0.043141905126708645,0.813287479779172,34.06348900896591,0.4628353323995625,4.552062182108882
A,pytorch_default,101,32.821313162137784,0.04316251871210905,0.8146345276148601,34.04066239760671,0.46117442135910347,4.552973057744129
A,pytorch_default,102,32.86454722771988,0.04323751982352865,0.8170883397046876,33.958974113294865,0.4610287143089203,4.552878365203392
A,pytorch_default,103,32.85083240737796,0.04318278024213665,0.8161762558232487,33.73730955382122,0.4590047748473156,4.551492977302385
A,pytorch_default,104,32.836132967978344,0.04318415529171592,0.8167737360186569,33.85813985726367,0.4593778692499831,4.55175082731073
A,pytorch_default,105,32.84096844736562,0.04321220815148113,0.8165306041095591,33.47592905387617,0.4565864584607382,4.551087941156743
A,pytorch_default,106,32.87185606299979,0.043268528147738024,0.8140660168188802,33.374030824811456,0.45617568094245925,4.551320859195953
A,pytorch_default,107,32.824604245420296,0.04315762163753571,0.8138704441208203,33.67657005602528,0.45861449707881,4.551666558107993
A,pytorch_default,108,32.81939517634285,0.04313085548147115,0.8159072863537394,33.754600043522736,0.4593547877262233,4.550905349804514
A,pytorch_default,109,32.84760013073855,0.04318034699923745,0.8139804393474765,33.76645396750804,0.45952726663949234,4.551983347488895
A,pytorch_default,110,32.84510669799881,0.043209782940975786,0.8133224900382913,33.42867586042604,0.4577428185533311,4.551763481292318
A,pytorch_default,111,32.85809770766615,0.04320141534249884,0.8159555854642229,33.5544941398214,0.45867781831953763,4.551241632000669
A,pytorch_default,112,32.83123109953739,0.04313188826094903,0.8167347536479517,33.27883418664651,0.4558384510375189,4.551575155345905
A,pytorch_default,113,32.828487070190086,0.04322286591288949,0.8140621032773171,33.564565689982416,0.45755060054630015,4.551502483542646
A,pytorch_default,114,32.8346745159863,0.0432249137306917,0.8154304795219123,33.561741855302856,0.4585647861000187,4.551759164919843
A,pytorch_default,115,32.85529244075758,0.04317681936581362,0.8140434530754709,33.67677192331255,0.45828274502724187,4.5520152959839795
A,pytorch_default,116,32.83824505463286,0.04317122587371344,0.8161660407623661,33.797328400674594,0.45870998710550137,4.553002813919758
A,pytorch_default,117,32.83895455925522,0.04319466779498415,0.8154912871370349,33.471168391591156,0.45690453663446406,4.550219230923087
A,pytorch_default,118,32.8689757121891,0.04324779791948479,0.8151202093144649,33.83023845259651,0.46118292249524045,4.55176288833518
A,pytorch_default,119,32.81893127644298,0.043143406648198226,0.8140964020368036,33.60254200514167,0.458645555229468,4.553009501569039
A,he_uniform,100,80.03294605817456,0.10554098660517287,0.8190541578792077,33.69450794247642,0.4589472499295858,4.551887079570191
A,he_uniform,101,80.11608485036372,0.10588605458908223,0.8147127184372854,33.831072554544455,0.4598850940703886,4.552398672561643
A,he_uniform,102,80.09769368584143,0.10567273264780137,0.814284645537149,33.40517993408065,0.45653726234408715,4.551516996780036
A,he_uniform,103,80.16061325144054,0.10597128435743934,0.8167644866592391,33.67899716947914,0.4586722795838835,4.551377868518598
A,he_uniform,104,80.19441562315457,0.10586081561924411,0.8177499340517146,33.357481353582976,0.45634102860733594,4.551432496541496
A,he_uniform,105,80.16108225585992,0.10592696168410462,0.8156710781944688,33.62980278404178,0.45808453531715937,4.551583390813818
A,he_uniform,106,80.09058292820977,0.10567218353576907,0.8160768780089357,33.50900411196002,0.4568634742994864,4.551418675758228
A,he_uniform,107,80.26594184122634,0.10587996643717222,0.8147862111134583,33.598476780048536,0.456473655196406,4.550852280482726
A,he_uniform,108,80.15972820684034,0.10575965972697231,0.8160978790686444,33.97818093663883,0.46220186557070864,4.5522213471521225
A,he_uniform,109,80.11060944143412,0.10571836361910392,0.8157166331716772,33.52704175869734,0.4583552239082547,4.551273552137618
A,he_uniform,110,80.10076442473252,0.10576709700808815,0.81707165989431,33.88935687659872,0.46175203929199987,4.552460170508197
A,he_uniform,111,80.1197774137041,0.10577427393133511,0.8159820774157324,33.8065632062865,0.4592127405600691,4.551349870278354
A,he_uniform,112,80.08515286543624,0.10564455969128754,0.8159674213244567,33.92563868535396,0.45934847530176015,4.550956422024672
A,he_uniform,113,80.0373877452851,0.1057118788928993,0.8148690153877477,34.104002186550424,0.4614059187159132,4.552512638394509
A,he_uniform,114,80.10962590749733,0.10575669342586161,0.8145077219890188,33.9294919192759,0.46007705955938805,4.552133931398885
A,he_uniform,115,80.10671965617986,0.10565464976236648,0.8157009069372021,33.875431898870026,0.4601352044817864,4.551929852432128
A,he_uniform,116,80.06150919652202,0.10556461884228896,0.8158473250288268,33.54407440871746,0.45818855714189677,4.55183233501338
A,he_uniform,117,80.23226897946643,0.10599134369183952,0.8127127058766264,33.65083207239616,0.4588829380219366,4.552083084262284
A,he_uniform,118,80.09288459490975,0.10563436909161947,0.8150943381135549,33.83034993868547,0.46021637750534505,4.551417083814948
A,he_uniform,119,80.17078622963031,0.10579719081487039,0.8150599268191813,33.66257927031976,0.4582486805891482,4.551154147111191
A,xavier_normal,100,57.40368754538222,0.07009437828168717,0.8958353323741967,33.22641377808779,0.4545386110443626,4.550349586062126
A,xavier_normal,101,57.46646810118964,0.07020834685909885,0.8974217859916107,33.723038671430515,0.4589758417850484,4.55145603499202
A,xavier_normal,102,57.619860710877674,0.07038958334632991,0.8958859508549991,33.245278346152574,0.4562675394464202,4.55154216318438
A,xavier_normal,103,57.531521997432,0.07019515962190326,0.8964501311902369,33.128224990713385,0.45587609434062376,4.551334373665843
A,xavier_normal,104,57.45299297818921,0.07007763027069372,0.8960207077848489,33.287749436542235,0.45464312709440474,4.549617542829655
A,xavier_normal,105,57.56841658180282,0.0701068371395816,0.8978453345399446,33.726468008077916,0.4599848738549261,4.550799744336692
A,xavier_normal,106,57.590684299011656,0.0703327826434434,0.8972486497143797,33.547076252792856,0.4560964976114329,4.550233462284406
A,xavier_normal,107,57.56937677742297,0.07022666978793118,0.8974381337581838,33.2134010733874,0.45460193128874654,4.550170436235476
A,xavier_normal,108,57.439452000326526,0.07010067212235241,0.8983363090494034,32.97039277304908,0.4530157311707517,4.550454006433001
A,xavier_normal,109,57.44860837927565,0.07025058439843361,0.8975228346500028,32.68767847779776,0.4524152950720708,4.551229226519192
A,xavier_normal,110,57.42676075497762,0.07000183844978317,0.8967117678822862,33.13851823202704,0.4549951825542695,4.550501234104953
A,xavier_normal,111,57.63476103313099,0.07035353512079148,0.8962923994201952,33.42633098708225,0.4555720431968701,4.551058481253432
A,xavier_normal,112,57.554020915939915,0.07031386384749704,0.8940898448822417,33.406717717286405,0.45643858754494376,4.550407001239306
A,xavier_normal,113,57.52047612871234,0.07029849195600833,0.8960836251227592,33.17142220054336,0.4553316796225182,4.550280860509318
A,xavier_normal,114,57.51613089133509,0.07015217155768039,0.8971809672240505,33.46011478796336,0.45695282279416577,4.5504376733763605
A,xavier_normal,115,57.63283784880299,0.0704075307751362,0.8975219452480138,33.056906116282086,0.4540692207415631,4.55012208750904
A,xavier_normal,116,57.448809642798984,0.0702437103774454,0.8962086077821245,33.15123899650094,0.45270480768503074,4.549609355136355
A,xavier_normal,117,57.53641008903128,0.07020572593946402,0.8964049056871679,33.28995148834298,0.4563297367259983,4.550066987010506
A,xavier_normal,118,57.453600367599044,0.07009462000304753,0.8970434463690627,33.18694283397742,0.45578902980678265,4.551212580844632
A,xavier_normal,119,57.63461599953761,0.07037129448437948,0.8964343873618089,33.388699017596004,0.4547725966802349,4.55126424465631
A,he_normal,100,79.93920817183457,0.09725130033367384,0.8958353323571107,33.226413777496035,0.45453861102978826,4.550349586098586
A,he_normal,101,80.01647389148539,0.09739388127022051,0.8974217860259164,33.72303867131964,0.45897584170523237,4.551456034983651
A,he_normal,102,80.24265679029182,0.09766218840402031,0.8958859508584832,33.24527832504051,0.4562675392531379,4.551542163113135
A,he_normal,103,80.11088325005412,0.09740002028949919,0.896450131210437,33.12822500552315,0.4558760943971898,4.55133437356318
A,he_normal,104,80.00703274547524,0.09726454430175141,0.8960207077569173,33.28774942617826,0.4546431270705019,4.549617542914515
A,he_normal,105,80.16309397135525,0.09731207728020802,0.8978453345331883,33.72646803345817,0.4599848739907158,4.550799744299504
A,he_normal,106,80.20552747545267,0.09757427109116258,0.8972486496918427,33.54707622381872,0.45609649736295427,4.550233462313836
A,he_normal,107,80.17399910586956,0.09744710420631177,0.8974381337511642,33.213401068522955,0.45460193119078346,4.550170436206
A,he_normal,108,79.98384048330108,0.09726544272053284,0.8983363090321083,32.9703927897524,0.4530157314355249,4.550454006518478
A,he_normal,109,79.99842402046646,0.09743364081996533,0.8975228346449224,32.687678448049304,0.45241529487254606,4.551229226540818
A,he_normal,110,79.97006052636723,0.09716000519682334,0.8967117678825042,33.13851825874376,0.45499518271624445,4.550501234099766
A,he_normal,111,80.25724543299454,0.09761947782187597,0.8962923994114047,33.4263309899928,0.4555720432794303,4.551058481178553
A,he_normal,112,80.15249161352108,0.0975407241933621,0.8940898448757644,33.40671769316354,0.4564385873432888,4.5504070013080105
A,he_normal,113,80.0949492013788,0.09752513110785267,0.8960836251072208,33.171422195643714,0.4553316795398195,4.550280860547132
A,he_normal,114,80.0955127895863,0.09735626542772005,0.8971809672094337,33.460114800030134,0.45695282288305117,4.550437673375755
A,he_normal,115,80.26366126435325,0.09768127818357947,0.8975219452518809,33.056906101928185,0.4540692206551516,4.550122087577829
A,he_normal,116,79.99347396765987,0.09742829912693306,0.8962086077538698,33.151239018594964,0.4527048077156992,4.549609355147765
A,he_normal,117,80.11595395871623,0.097415811502609,0.8964049056527095,33.28995148049083,0.4563297367015456,4.550066986981353
A,he_normal,118,79.99690922220069,0.09726181103734918,0.8970434464277438,33.186942800830174,0.45578902965491247,4.551212580873009
A,he_normal,119,80.26334850299284,0.09764436494948187,0.8964343873901541,33.38869903827499,0.4547725968345837,4.551264244655898
A,orthogonal,100,56.65686220190487,0.06901687685980391,0.8947753345907219,123.46141198424485,0.9999995027568414,4.753974668076306
A,orthogonal,101,56.65686243392927,0.06901113063985358,0.8947360292044695,123.46141403665564,0.9999995107025339,4.753974668076306
A,orthogonal,102,56.656862206490594,0.0690664973526589,0.895721125312355,123.46141198306063,0.9999995024189924,4.753974668076307
A,orthogonal,103,56.656862167892136,0.06906228379897096,0.89601757962441,123.46141138399709,0.9999994992811112,4.753974668076306
A,orthogonal,104,56.65686218102202,0.06909266404612678,0.895559461667023,123.4614147640432,0.9999995136655874,4.753974668076307
A,orthogonal,105,56.65686225780414,0.06903360367376735,0.8956583741418397,123.46141427481494,0.9999995123713178,4.753974668076307
A,orthogonal,106,56.65686239670717,0.06906434326909724,0.8958567767943347,123.46140867411651,0.9999994900280782,4.753974668076307
A,orthogonal,107,56.656862383672426,0.06899476695402319,0.8938426845789984,123.46141247217271,0.9999995053030848,4.753974668076307
A,orthogonal,108,56.65686222787371,0.06901117940786214,0.8947384898213518,123.46141481368295,0.9999995150145574,4.753974668076307
A,orthogonal,109,56.656861927456625,0.06912426184831015,0.8974838883929179,123.46141417678155,0.9999995118658903,4.753974668076307
A,orthogonal,110,56.656862027412885,0.0690571199289939,0.8956274925762586,123.46141596650645,0.9999995186541887,4.753974668076306
A,orthogonal,111,56.65686215152738,0.06912264157869606,0.8946238368954792,123.46141547568988,0.9999995152468839,4.753974668076307
A,orthogonal,112,56.65686229790957,0.06912057628010787,0.8950203645806716,123.46141421716764,0.9999995113652039,4.753974668076307
A,orthogonal,113,56.65686223933845,0.06898744398805087,0.8957350042410053,123.46141451624497,0.9999995127487208,4.753974668076306
A,orthogonal,114,56.6568622686715,0.06905722890550905,0.8956106639859107,123.46141348656725,0.9999995095425999,4.753974668076307
A,orthogonal,115,56.65686225348412,0.06912452502027103,0.8937205341314326,123.46141279916813,0.9999995058820926,4.753974668076306
A,orthogonal,116,56.65686231501498,0.06903767125385767,0.8964022006940053,123.46141370402127,0.9999995098686072,4.753974668076307
A,orthogonal,117,56.656862071197985,0.06904202040770492,0.8940317808439056,123.46141419689974,0.9999995107273593,4.753974668076306
A,orthogonal,118,56.6568621785139,0.06906722229227834,0.8937852800298983,123.46141178877419,0.9999995008262572,4.753974668076306
A,orthogonal,119,56.656862247431185,0.06905778942449135,0.8953411622595593,123.46141427027791,0.9999995119567806,4.753974668076306
A,lognormal_he_scale,100,80.03867087691235,0.0987009140264829,0.9998345183255173,32.83721066363043,0.45191401661563957,4.548469822138674
A,lognormal_he_scale,101,80.21538686097459,0.09897813248651302,0.9998418844460281,32.6977300293502,0.45092163036480326,4.549134464020831
A,lognormal_he_scale,102,80.21372596761694,0.09886439739312025,0.999842887867459,32.59519398856636,0.45115065634922524,4.549409152331153
A,lognormal_he_scale,103,80.14637974617911,0.09877420597788104,0.9998291211400467,32.838244830012314,0.45317640474903015,4.548707475420761
A,lognormal_he_scale,104,80.13149538271485,0.09887610573927848,0.9998549690252345,32.85014272997605,0.44833318526128557,4.548474192023985
A,lognormal_he_scale,105,80.17942934122014,0.0987064822580051,0.9998323223226604,32.452393102770095,0.4504995383926396,4.548718011097292
A,lognormal_he_scale,106,80.05770106001867,0.09883825270279978,0.9998623702559892,33.056354078654365,0.4528868596667991,4.548143409430836
A,lognormal_he_scale,107,79.95601657072582,0.09873189569304716,0.9998520785896203,32.56337764916639,0.4482003711279074,4.5480318787803835
A,lognormal_he_scale,108,80.10992841921212,0.09891285079625904,0.99984200620944,32.71128560532283,0.4500581025643161,4.548884404035108
A,lognormal_he_scale,109,79.92698805330225,0.09875896930191612,0.9998397391963387,32.4040541686074,0.4481133508087307,4.547472900807783
A,lognormal_he_scale,110,80.25840780566155,0.0989985699994851,0.9998547212842076,32.71077047458371,0.45108147339392,4.548202022484326
A,lognormal_he_scale,111,79.84607841606875,0.09871157005424616,0.9997788037735933,33.29630768698285,0.4544368854134397,4.549539679733822
A,lognormal_he_scale,112,80.13671587353085,0.0987545513539055,0.9998436246961406,32.424316514156565,0.45025027429262443,4.54910883223264
A,lognormal_he_scale,113,80.20610206266484,0.09893129825770826,0.9998307603181427,32.48011978934435,0.4491573636128816,4.548345323153084
A,lognormal_he_scale,114,80.21898360455285,0.09894747940138099,0.9998212169349796,32.60978469999023,0.4500948028795896,4.549152507795311
A,lognormal_he_scale,115,80.3229629757314,0.09918707509030184,0.999825155553751,32.36568880681445,0.4477523138799181,4.549171469040242
A,lognormal_he_scale,116,80.28982473720764,0.09899875281679077,0.9998559592944447,32.487108590401654,0.4492386960662287,4.548497348447999
A,lognormal_he_scale,117,80.09826492825408,0.09878899645043088,0.9998489115990746,32.78311738541736,0.45107116484030674,4.549362499138948
A,lognormal_he_scale,118,79.96992817764591,0.09880184333905319,0.9998227049373696,32.917138051193646,0.45197839767765635,4.548526181735065
A,lognormal_he_scale,119,80.00181324041613,0.09874057795155641,0.9998540867710131,32.689885014096006,0.4503422166904171,4.549811520870068
A,lognormal_jaynes,100,42.73798697150958,0.049145452777989505,0.9998345183309195,32.83721057064754,0.4519140158139535,4.548469821997729
A,lognormal_jaynes,101,42.81154029803904,0.049276930020663676,0.999841884470128,32.69773015544467,0.4509216311509124,4.549134463998538
A,lognormal_jaynes,102,42.81278643139688,0.049224287547643915,0.9998428878691794,32.59519408287272,0.451150657102641,4.549409152344113
A,lognormal_jaynes,103,42.82258484720094,0.049182084859198644,0.9998291211514009,32.838244790113976,0.4531764044149608,4.548707475408282
A,lognormal_jaynes,104,42.820516695592616,0.049233256701269115,0.9998549690397293,32.85014272094765,0.4483331851356471,4.548474191776374
A,lognormal_jaynes,105,42.839029727594856,0.04915097986270074,0.9998323223053772,32.45239305817676,0.4504995384307296,4.548718011201905
A,lognormal_jaynes,106,42.694869942301466,0.04920719956570812,0.9998623702753532,33.0563539914906,0.4528868591003634,4.548143409375969
A,lognormal_jaynes,107,42.69000893678392,0.04915533264360952,0.999852078588841,32.56337766486577,0.44820037110213895,4.5480318785775316
A,lognormal_jaynes,108,42.77514284812575,0.04924676261401895,0.9998420061860972,32.71128558293385,0.4500581024139244,4.548884404216983
A,lognormal_jaynes,109,42.6312018432893,0.0491671697392841,0.9998397392302518,32.40405417268093,0.4481133508068505,4.547472900800681
A,lognormal_jaynes,110,42.866397663669666,0.04929212742452806,0.9998547212671782,32.71077040944802,0.4510814731394447,4.548202022304505
A,lognormal_jaynes,111,42.648635896251676,0.049148874904630636,0.9997788037496409,33.29630759229033,0.4544368847021448,4.549539679658622
A,lognormal_jaynes,112,42.78805222012776,0.0491730109679042,0.9998436246917267,32.42431638535458,0.4502502732126715,4.549108831974013
A,lognormal_jaynes,113,42.82537822943982,0.04925719856784357,0.9998307603523288,32.480119798209095,0.4491573636868329,4.548345323268723
A,lognormal_jaynes,114,42.81655417573013,0.04926406346745992,0.9998212169304218,32.60978465968413,0.4500948024470188,4.549152507768381
A,lognormal_jaynes,115,42.86371713378894,0.04937970233027225,0.9998251555371632,32.36568883726647,0.4477523138943935,4.549171468894063
A,lognormal_jaynes,116,42.838810896526525,0.049288709542261486,0.999855959269986,32.487108522224794,0.44923869529166993,4.548497348470219
A,lognormal_jaynes,117,42.76917080703076,0.049187253069513645,0.9998489116097348,32.78311736819079,0.45107116451395574,4.5493624990995
A,lognormal_jaynes,118,42.72117543554457,0.04919396701772478,0.9998227049563166,32.91713799956636,0.45197839727045525,4.5485261818824165
A,lognormal_jaynes,119,42.74136631020049,0.04916668949409057,0.9998540867812249,32.68988501928058,0.4503422165867796,4.549811520731004
B,pytorch_default,100,19.718059761501426,0.04144090624903747,0.8140422535782015,33.87142001737014,0.493900434844607,4.418674336305542
B,pytorch_default,101,19.771377493472475,0.041483190315889,0.8153735706995651,34.30325061837378,0.49309409165578266,4.420225243846945
B,pytorch_default,102,19.794109673289345,0.04168350223144001,0.8188462086551167,34.05295313539481,0.4980990829663873,4.421118732090441
B,pytorch_default,103,19.7580964741398,0.04165907538470303,0.8167004492889612,33.94319116385516,0.4996323286560191,4.419697163285192
B,pytorch_default,104,19.745082411546033,0.04153731849888163,0.8177113020055533,34.165924078628656,0.5027947065603107,4.42128326591479
B,pytorch_default,105,19.74136717891668,0.04144491284043806,0.8167824646512785,33.94327760350957,0.4977900355176496,4.419484038271227
B,pytorch_default,106,19.806317386924267,0.04165405243417389,0.8141279850116833,33.646260406740616,0.49393049703229275,4.417685170048868
B,pytorch_default,107,19.726815673707378,0.04156525281045715,0.8134637942337708,34.26222079384519,0.5027196479570214,4.419096983457153
B,pytorch_default,108,19.757496451688233,0.0415863658739257,0.812770721271632,34.525539551453825,0.5017163860156052,4.419269132081898
B,pytorch_default,109,19.746421914154052,0.041455880601876445,0.8127149283603785,34.076716726744145,0.5001889448832133,4.420205379440406
B,pytorch_default,110,19.763206288539145,0.04156238454174182,0.8141180877256822,33.94114299306461,0.49945272181442235,4.419728338686814
B,pytorch_default,111,19.75894085576355,0.041624938643671464,0.8163471704439645,34.268794216601,0.4987567515146857,4.419882171471514
B,pytorch_default,112,19.743618237121026,0.04150973644203528,0.8158697031007682,33.52391420397653,0.4935721308366611,4.41882637336892
B,pytorch_default,113,19.77222881924766,0.04159449003529819,0.8102504409096184,33.6008634023811,0.4961312453854966,4.419123613451345
B,pytorch_default,114,19.788064156622116,0.041804434906150045,0.8095005693179337,34.492088549906114,0.5006172008442334,4.419067723294974
B,pytorch_default,115,19.805850079329815,0.04180358231393322,0.8149993813663766,33.62593675354423,0.4927269184063242,4.419210450064158
B,pytorch_default,116,19.761645581134143,0.04153948213217852,0.8190096596018428,34.43322064345968,0.5033045257724418,4.421613403934677
B,pytorch_default,117,19.738303056451567,0.041385608598614246,0.8156427496547254,33.735602763866964,0.49539352228691735,4.417281203072231
B,pytorch_default,118,19.751807793840996,0.041559324104317084,0.8156394825321266,34.12745148383599,0.5012981518800406,4.4209425871716785
B,pytorch_default,119,19.768999458401133,0.04170082760788921,0.8159334954121699,33.89798659071923,0.4957951741285739,4.420598091877552
B,he_uniform,100,48.23458417683129,0.10228163546386566,0.81610162947843,34.29008708266647,0.4992862810112311,4.420749874252001
B,he_uniform,101,48.15854123613046,0.10188950204641718,0.8149359763360027,33.90764843948708,0.498225843388315,4.418093380402169
B,he_uniform,102,48.23050958225162,0.101699145993187,0.8164889528421533,34.27739146945538,0.5022256205837471,4.420499212105721
B,he_uniform,103,48.22905206866022,0.10210393966878675,0.8128904072161003,34.09241209343652,0.49944684647939147,4.420119250576711
B,he_uniform,104,48.24585970546076,0.1016693372597732,0.8151767151902221,34.0724896822308,0.497402484224107,4.417666612480888
B,he_uniform,105,48.20316575811955,0.10182362268812661,0.8167043261403906,33.8659205804576,0.49775990125377945,4.419560220745582
B,he_uniform,106,48.24325970420068,0.10188498734195135,0.8140678974173039,33.91118523043862,0.5001162541704226,4.420147541593198
B,he_uniform,107,48.22443531535507,0.10196027426560135,0.8144401434642538,34.08557267481163,0.4991514294250332,4.42013043937529
B,he_uniform,108,48.19928970814572,0.10182933470044409,0.8139463326382164,33.785374882813215,0.49090078140704874,4.417838081167945
B,he_uniform,109,48.208953349986125,0.10150855734672551,0.8142176275603605,34.12368270414301,0.4983152802850185,4.419849199648647
B,he_uniform,110,48.19557637625676,0.10176867936652904,0.8166965700093749,33.75192206068524,0.4989588238203904,4.420151733024799
B,he_uniform,111,48.25263990813434,0.10194488323447617,0.8147537370393781,34.3922885260558,0.5014129862361476,4.419687189410281
B,he_uniform,112,48.18255381041715,0.1015697290630723,0.817478435140049,33.850509504925675,0.4991268155344858,4.419779093116243
B,he_uniform,113,48.08963646379083,0.10148874313621103,0.8200999875011634,33.95047448381074,0.4999455148541777,4.419576757800456
B,he_uniform,114,48.12155864787127,0.10144738033644318,0.8187623773858526,34.117322260913724,0.5001411178208757,4.42134216034274
B,he_uniform,115,48.16057238371811,0.1015619440660968,0.8124343743469227,34.15211699257001,0.50028442349183,4.419683899361599
B,he_uniform,116,48.21642310355458,0.1017651263665823,0.8117319725839176,34.36893484062823,0.5019941515387139,4.418364067561029
B,he_uniform,117,48.221850773336364,0.10177689503862741,0.8141038038654023,34.010249226980946,0.49688190380731106,4.420173049256197
B,he_uniform,118,48.2823524271298,0.10195651223743685,0.8158341162104848,33.71969720902279,0.4970267356189478,4.41988944356595
B,he_uniform,119,48.12721180434588,0.1016440624557237,0.8172549779596533,34.00041880608881,0.4984660332887062,4.421467567351949
B,xavier_normal,100,35.59282513233886,0.06979748888596947,0.897751114472962,33.638074347971425,0.4933564866885923,4.418936087444491
B,xavier_normal,101,35.604900011263055,0.07027875719551965,0.8984536271478856,33.64116901001351,0.48768123116226114,4.418668451205553
B,xavier_normal,102,35.48850740157952,0.06954743181991503,0.8958434506158008,33.290594710380965,0.4921609097550569,4.41982501070383
B,xavier_normal,103,35.50415073045726,0.06940879695578459,0.8992782829241556,33.96433986745057,0.49951270232560824,4.418842154836238
B,xavier_normal,104,35.497703894468714,0.06983448430608451,0.8962639862013111,33.952115540041476,0.4951980709923974,4.41915190025148
B,xavier_normal,105,35.517016468569636,0.06960911195818494,0.8948802942973215,33.51478561715483,0.4917472078571167,4.416939878818775
B,xavier_normal,106,35.53256139734441,0.069805326619074,0.8928332855880242,33.963588870196624,0.49764458899494796,4.419132396553769
B,xavier_normal,107,35.628950419424385,0.06995286957364802,0.8934590357547159,33.549022083029236,0.49181114641174545,4.418662811671384
B,xavier_normal,108,35.636654989396796,0.06970759919778029,0.8968361420314608,33.68668674932576,0.4954161642105788,4.420349108842817
B,xavier_normal,109,35.54177256912398,0.0697404723559468,0.8985082803810254,34.100155064176946,0.4950569712437286,4.418166271814878
B,xavier_normal,110,35.62409508063317,0.0699007405120193,0.8968998067598457,33.977156233025696,0.49588372471328424,4.419532449510172
B,xavier_normal,111,35.496988391517355,0.0696530520696141,0.8991237918209782,33.71966364016254,0.4965730179168995,4.418171001636165
B,xavier_normal,112,35.449557389794734,0.06954126525665502,0.896716932082275,34.17295198507605,0.5006669898470142,4.419199459982634
B,xavier_normal,113,35.54063457086665,0.06989334663870425,0.8985217007834528,33.961494722864856,0.49641463448215184,4.417563614298588
B,xavier_normal,114,35.48166465787206,0.06965632534881969,0.8934853807555987,33.861971626214725,0.4942319271293254,4.417668673746272
B,xavier_normal,115,35.46616183393105,0.06984144152892449,0.8931789504664891,33.905760513198345,0.4981596189755505,4.4184225616716315
B,xavier_normal,116,35.50357225717633,0.06938570548900194,0.89690653121542,34.311718651270766,0.49864818261404487,4.419916774227143
B,xavier_normal,117,35.55248450964292,0.06973776652082468,0.8989789913087909,34.18920854203236,0.5009887987503856,4.419029809581044
B,xavier_normal,118,35.54261658307308,0.06986578903921409,0.8989114745325051,33.4995388072188,0.49262005551502186,4.418860651459023
B,xavier_normal,119,35.50741947297723,0.06997291407333783,0.895796205387328,33.80611968653191,0.49701288874391014,4.4194099875852295
B,he_normal,100,48.298031782161736,0.09387446934493937,0.8977511144823375,33.638074327932685,0.49335648688804146,4.418936087431131
B,he_normal,101,48.295949575627326,0.09437267187142923,0.8984536271625242,33.64116902918425,0.4876812311822123,4.4186684512258285
B,he_normal,102,48.150358861150316,0.09352576626265513,0.8958434506418029,33.29059472083922,0.4921609099605397,4.419825010721874
B,he_normal,103,48.17625975866951,0.09341507722676454,0.8992782830322955,33.96433987892576,0.49951270235389245,4.418842154906795
B,he_normal,104,48.16299835407611,0.09384685321739156,0.8962639861298076,33.952115498956765,0.4951980708212466,4.419151900252677
B,he_normal,105,48.175921252912524,0.09363025835278387,0.8948802942143541,33.51478558966317,0.4917472077886276,4.4169398786458
B,he_normal,106,48.205754239289476,0.09384085523468184,0.8928332856307541,33.963588848298954,0.4976445885273753,4.419132396646453
B,he_normal,107,48.35957127058005,0.09406733090455817,0.8934590357661797,33.54902206268301,0.49181114629177164,4.418662811805541
B,he_normal,108,48.3595805043596,0.09381968137657053,0.8968361420049286,33.686686748434184,0.49541616427650836,4.4203491088840945
B,he_normal,109,48.22728543288506,0.09380887231833526,0.8985082803613107,34.10015505350073,0.49505697121131587,4.418166271931463
B,he_normal,110,48.33364166236834,0.09399804583003415,0.8968998067454343,33.977156239764724,0.49588372487639765,4.41953244953941
B,he_normal,111,48.14777169415661,0.09361976848606061,0.8991237917780692,33.71966362928991,0.4965730179517366,4.4181710016569085
B,he_normal,112,48.08378183777523,0.09352261884841934,0.8967169320653158,34.17295197988118,0.5006669896940437,4.419199460053815
B,he_normal,113,48.208179837115566,0.09395242157325259,0.8985217008007561,33.961494711163574,0.4964146344559919,4.417563614299398
B,he_normal,114,48.14933929311183,0.09365993573927754,0.8934853807613571,33.8619716274407,0.4942319271115708,4.417668673749707
B,he_normal,115,48.12115197184806,0.0938299598108782,0.8931789505082024,33.90576052260003,0.49815961893862654,4.418422561691365
B,he_normal,116,48.17180349496422,0.09338865514324059,0.8969065312489237,34.31171861870316,0.49864818243241615,4.419916774160089
B,he_normal,117,48.23333466736598,0.09378717751304916,0.8989789913480939,34.18920856028309,0.5009887986475695,4.419029809581114
B,he_normal,118,48.22335993429736,0.09389590913005025,0.8989114745284963,33.499538796518955,0.4926200555666749,4.418860651472149
B,he_normal,119,48.16505321851957,0.0940110556840602,0.8957962053466838,33.80611968644524,0.4970128887039005,4.419409987585569
B,orthogonal,100,34.08812147493546,0.06636888399597704,0.8971001428748467,116.19988300751956,0.9999995334033145,4.597085735207042
B,orthogonal,101,34.08812127480834,0.06640758715816145,0.895232443463889,116.19989205020909,0.9999995721022916,4.597085735207042
B,orthogonal,102,34.088121381347676,0.06650739353535333,0.8983597906850223,116.199887688867,0.999999552860384,4.597085735207042
B,orthogonal,103,34.08812130173358,0.06639008622812002,0.8937223355879278,116.19989162309298,0.9999995612852631,4.597085735207042
B,orthogonal,104,34.088121211542266,0.06656718606480339,0.8938724712081194,116.19988951561962,0.9999995594746226,4.597085735207041
B,orthogonal,105,34.088121257350245,0.06638091734769307,0.8949137524046883,116.19988952695579,0.9999995596227442,4.597085735207043
B,orthogonal,106,34.088121349654614,0.06647734022756178,0.8941323454325429,116.19988805591504,0.9999995490299598,4.597085735207043
B,orthogonal,107,34.08812143329323,0.06646850802223998,0.8961806689032483,116.19988926718767,0.9999995599078,4.597085735207042
B,orthogonal,108,34.08812147885597,0.06634637604550062,0.8967570294449544,116.19989017256042,0.9999995616723704,4.5970857352070436
B,orthogonal,109,34.08812136016533,0.06646478247465738,0.8938193918445542,116.19988898653305,0.9999995574905546,4.597085735207043
B,orthogonal,110,34.08812135368078,0.06645606064954829,0.9001534414933662,116.19989017867542,0.9999995632019403,4.5970857352070436
B,orthogonal,111,34.08812141763478,0.06647092944459787,0.8965736216670921,116.19988697497661,0.9999995516665257,4.597085735207043
B,orthogonal,112,34.08812129740543,0.06655502875414457,0.895626928444414,116.19989038083239,0.999999560511486,4.597085735207042
B,orthogonal,113,34.08812138507179,0.06643000624687909,0.8961830348132812,116.19988856869125,0.9999995550041267,4.5970857352070436
B,orthogonal,114,34.08812136464204,0.0664635173008983,0.8970872635942152,116.19987941110291,0.9999995195854418,4.597085735207043
B,orthogonal,115,34.08812145640493,0.06656894113990314,0.8964622324341194,116.19989176051058,0.9999995717780445,4.5970857352070436
B,orthogonal,116,34.088121329353115,0.06639295157428417,0.8955313736975571,116.19989413418116,0.9999995772167539,4.5970857352070436
B,orthogonal,117,34.08812145825162,0.06645016701351379,0.894002226467508,116.19988052500881,0.999999527068071,4.597085735207042
B,orthogonal,118,34.088121215799646,0.06646273405297261,0.8965538056507553,116.19988650231603,0.999999547874767,4.597085735207043
B,orthogonal,119,34.08812160530646,0.06646159842011035,0.8958559964331201,116.19988505997773,0.9999995371038709,4.597085735207042
B,lognormal_he_scale,100,48.13305517846333,0.09490942101453344,0.9997048799357963,33.44236729211818,0.4877420476133604,4.414988393309823
B,lognormal_he_scale,101,48.076698896434536,0.09504723589488971,0.9997713070201998,32.99431413210276,0.4884579819902247,4.417067426556438
B,lognormal_he_scale,102,48.421116766789055,0.0952634586857742,0.9997977514885337,32.899359641190884,0.4901315172974197,4.416130651654296
B,lognormal_he_scale,103,48.17869368231292,0.09467439561891951,0.9998095749130235,32.437042889193634,0.48677147552929395,4.417037523818729
B,lognormal_he_scale,104,48.45300293911972,0.09560087266175446,0.9997085644125837,32.73992829634461,0.4887449910499451,4.416932691359464
B,lognormal_he_scale,105,48.47865495839618,0.0959195586566796,0.99980975816002,32.03931857817877,0.48263078389263897,4.417043553926056
B,lognormal_he_scale,106,48.06267866454366,0.09482343868186556,0.9997450930063891,33.46004573145906,0.49026812182477675,4.417185312544009
B,lognormal_he_scale,107,48.09340796042655,0.09463343109005254,0.9997915049192843,33.32942673646089,0.48863570910900755,4.418502852998282
B,lognormal_he_scale,108,48.239770896376115,0.09468815315388344,0.9997343588512766,32.589330673840145,0.485349798259076,4.415136416042818
B,lognormal_he_scale,109,48.000006272438924,0.0946784206489961,0.9997884066419495,33.653875807286575,0.4958881000509148,4.416267768021357
B,lognormal_he_scale,110,48.14126040864686,0.09530568337255223,0.9997843113225059,32.988791418730244,0.4890753481817309,4.41662981915587
B,lognormal_he_scale,111,48.12957653205282,0.0950077858829235,0.999840170980051,33.026453368993046,0.4846747727471904,4.4162117470081235
B,lognormal_he_scale,112,48.291821530720256,0.09527684596656347,0.9997872791574878,34.16643296730172,0.4968587368727822,4.417638497948164
B,lognormal_he_scale,113,48.305620735089356,0.09521784989386643,0.9997860349292624,32.91312892967783,0.48952967972687383,4.416600884224809
B,lognormal_he_scale,114,48.39743495482313,0.0954547262375964,0.9997398638013761,32.49319139448621,0.4820798232306833,4.415178580123036
B,lognormal_he_scale,115,48.27743861384235,0.0950691140204976,0.9998033395337927,33.39843106918096,0.4909146572446651,4.418506695282845
B,lognormal_he_scale,116,48.23684082915657,0.09525192985770424,0.9997716382544427,33.56613325223607,0.4936620708864923,4.419071016923054
B,lognormal_he_scale,117,48.20123136637831,0.09508178589147007,0.9996628758885961,32.86545797104034,0.48857634297156816,4.416653204677376
B,lognormal_he_scale,118,48.26660829824152,0.09507173084518021,0.9997729904578938,33.46151232865128,0.4870526628573547,4.417020178598265
B,lognormal_he_scale,119,48.27818248111002,0.09552254047570703,0.9998155972400756,32.9594111262784,0.48874421756229836,4.418692338029355
B,lognormal_jaynes,100,29.287223215883927,0.04910062144924829,0.9997048799110868,33.442367177881465,0.48774204684197164,4.414988393231161
B,lognormal_jaynes,101,29.274752118334014,0.04917137000070916,0.9997713069866674,32.994314097302606,0.4884579813922585,4.417067426398779
B,lognormal_jaynes,102,29.43284957879943,0.04928033759938997,0.9997977514962134,32.89935971217868,0.49013151799669163,4.416130651707599
B,lognormal_jaynes,103,29.340981272965216,0.04898882576975211,0.999809574935775,32.43704287095251,0.4867714749279969,4.4170375237086015
B,lognormal_jaynes,104,29.373151009022873,0.049433519204228143,0.9997085644332092,32.73992828165383,0.4887449913172753,4.416932691145794
B,lognormal_jaynes,105,29.48936104493609,0.0496030011008336,0.9998097581674654,32.03931849365277,0.48263078326203973,4.417043554102355
B,lognormal_jaynes,106,29.26918008776773,0.04906244031400261,0.9997450930985977,33.46004567015931,0.49026812105792794,4.417185312642756
B,lognormal_jaynes,107,29.246994409115146,0.048962457291318116,0.9997915048460859,33.329426768985975,0.4886357094190138,4.418502853003469
B,lognormal_jaynes,108,29.381867097683784,0.04900122220485654,0.9997343588686614,32.58933068754958,0.48534979875926876,4.415136416065714
B,lognormal_jaynes,109,29.240296822935925,0.04899124897521158,0.9997884066672462,33.65387576297539,0.4958881001861178,4.416267768031366
B,lognormal_jaynes,110,29.345787056180324,0.04930731474486902,0.9997843112805758,32.988791468783475,0.48907534847755735,4.416629819313045
B,lognormal_jaynes,111,29.33134661067921,0.0491618252991744,0.9998401710154836,33.02645329893507,0.4846747730119606,4.416211747011171
B,lognormal_jaynes,112,29.38441996449102,0.049281592518896376,0.9997872791818597,34.16643294349787,0.4968587362936936,4.417638497643888
B,lognormal_jaynes,113,29.336687443339315,0.049248569270159435,0.9997860349181924,32.913129021818136,0.48952967991963464,4.416600883726743
B,lognormal_jaynes,114,29.41246432880892,0.04937219907852049,0.9997398638688832,32.49319145252537,0.482079823090343,4.41517858025737
B,lognormal_jaynes,115,29.283086123254098,0.049167722645679084,0.999803339512057,33.39843112047318,0.49091465790177613,4.418506695355492
B,lognormal_jaynes,116,29.37056980704537,0.04927961653214329,0.9997716382815407,33.566133228107944,0.4936620712720409,4.419071017205075
B,lognormal_jaynes,117,29.383702055600402,0.04920323312695506,0.9996628760277758,32.86545788209151,0.4885763411709359,4.41665320462805
B,lognormal_jaynes,118,29.35958362299302,0.04918116059272136,0.9997729903974664,33.46151240541046,0.4870526636858233,4.41702017858229
B,lognormal_jaynes,119,29.351709516004103,0.04940400150979622,0.9998155972267412,32.95941112060575,0.48874421705588345,4.4186923379611684
